X,CH1,Start,Increment,
Sequence,Volt,7.39E-04,1.00E-09,200ns
0,-4.00E-01,,,
1,-6.00E-01,,,
2,-6.00E-01,,,
3,-4.00E-01,,,
4,-6.00E-01,,,
5,-4.00E-01,,,
6,-6.00E-01,,,
7,-6.00E-01,,,
8,-6.00E-01,,,
9,-4.00E-01,,,
10,-6.00E-01,,,
11,-8.00E-01,,,
12,-1.40E+00,,,
13,-2.00E+00,,,
14,-2.20E+00,,,
15,-2.20E+00,,,
16,-2.40E+00,,,
17,-2.40E+00,,,
18,-2.60E+00,,,
19,-2.40E+00,,,
20,-2.60E+00,,,
21,-2.40E+00,,,
22,-2.40E+00,,,
23,-2.60E+00,,,
24,-2.40E+00,,,
25,-2.40E+00,,,
26,-2.60E+00,,,
27,-2.20E+00,,,
28,-2.40E+00,,,
29,-2.40E+00,,,
30,-2.60E+00,,,
31,-2.80E+00,,,
32,-3.80E+00,,,
33,-4.40E+00,,,
34,-4.60E+00,,,
35,-4.60E+00,,,
36,-5.00E+00,,,
37,-4.80E+00,,,
38,-4.80E+00,,,
39,-5.00E+00,,,
40,-5.00E+00,,,
41,-4.80E+00,,,
42,-5.00E+00,,,
43,-4.80E+00,,,
44,-5.00E+00,,,
45,-4.80E+00,,,
46,-5.00E+00,,,
47,-5.00E+00,,,
48,-4.80E+00,,,
49,-5.00E+00,,,
50,-5.00E+00,,,
51,-5.20E+00,,,
52,-5.80E+00,,,
53,-6.00E+00,,,
54,-6.20E+00,,,
55,-6.20E+00,,,
56,-6.20E+00,,,
57,-6.40E+00,,,
58,-6.40E+00,,,
59,-6.40E+00,,,
60,-6.60E+00,,,
61,-6.40E+00,,,
62,-6.60E+00,,,
63,-6.40E+00,,,
64,-6.40E+00,,,
65,-6.40E+00,,,
66,-6.60E+00,,,
67,-6.40E+00,,,
68,-6.60E+00,,,
69,-6.40E+00,,,
70,-6.40E+00,,,
71,-6.40E+00,,,
72,-6.20E+00,,,
73,-6.20E+00,,,
74,-6.20E+00,,,
75,-6.20E+00,,,
76,-6.40E+00,,,
77,-6.20E+00,,,
78,-6.40E+00,,,
79,-6.20E+00,,,
80,-6.20E+00,,,
81,-6.20E+00,,,
82,-6.40E+00,,,
83,-6.20E+00,,,
84,-6.40E+00,,,
85,-6.20E+00,,,
86,-6.40E+00,,,
87,-6.20E+00,,,
88,-6.20E+00,,,
89,-6.20E+00,,,
90,-6.20E+00,,,
91,-5.80E+00,,,
92,-5.00E+00,,,
93,-4.40E+00,,,
94,-4.40E+00,,,
95,-4.00E+00,,,
96,-4.00E+00,,,
97,-4.00E+00,,,
98,-4.00E+00,,,
99,-4.00E+00,,,
100,-4.00E+00,,,
101,-3.80E+00,,,
102,-3.80E+00,,,
103,-3.80E+00,,,
104,-3.80E+00,,,
105,-3.80E+00,,,
106,-3.80E+00,,,
107,-3.80E+00,,,
108,-4.00E+00,,,
109,-3.80E+00,,,
110,-4.00E+00,,,
111,-3.00E+00,,,
112,-1.20E+00,,,
113,-4.35E-05,,,
114,-4.35E-05,,,
115,6.00E-01,,,
116,6.00E-01,,,
117,8.00E-01,,,
118,8.00E-01,,,
119,1.20E+00,,,
120,1.20E+00,,,
121,1.20E+00,,,
122,8.00E-01,,,
123,1.20E+00,,,
124,1.20E+00,,,
125,1.20E+00,,,
126,8.00E-01,,,
127,1.20E+00,,,
128,1.20E+00,,,
129,1.20E+00,,,
130,8.00E-01,,,
131,2.00E+00,,,
132,4.00E+00,,,
133,5.80E+00,,,
134,6.00E+00,,,
135,6.60E+00,,,
136,6.80E+00,,,
137,6.80E+00,,,
138,7.00E+00,,,
139,7.20E+00,,,
140,7.00E+00,,,
141,7.20E+00,,,
142,7.00E+00,,,
143,7.20E+00,,,
144,7.20E+00,,,
145,7.20E+00,,,
146,6.80E+00,,,
147,7.20E+00,,,
148,7.00E+00,,,
149,7.20E+00,,,
150,7.20E+00,,,
151,8.00E+00,,,
152,1.04E+01,,,
153,1.18E+01,,,
154,1.18E+01,,,
155,1.26E+01,,,
156,1.28E+01,,,
157,1.28E+01,,,
158,1.28E+01,,,
159,1.32E+01,,,
160,1.32E+01,,,
161,1.30E+01,,,
162,1.28E+01,,,
163,1.32E+01,,,
164,1.30E+01,,,
165,1.32E+01,,,
166,1.30E+01,,,
167,1.30E+01,,,
168,1.32E+01,,,
169,1.32E+01,,,
170,1.30E+01,,,
171,1.38E+01,,,
172,1.56E+01,,,
173,1.66E+01,,,
174,1.64E+01,,,
175,1.72E+01,,,
176,1.72E+01,,,
177,1.72E+01,,,
178,1.72E+01,,,
179,1.76E+01,,,
180,1.74E+01,,,
181,1.76E+01,,,
182,1.74E+01,,,
183,1.76E+01,,,
184,1.76E+01,,,
185,1.76E+01,,,
186,1.74E+01,,,
187,1.76E+01,,,
188,1.76E+01,,,
189,1.76E+01,,,
190,1.72E+01,,,
191,1.78E+01,,,
192,1.84E+01,,,
193,1.86E+01,,,
194,1.86E+01,,,
195,1.90E+01,,,
196,1.90E+01,,,
197,1.90E+01,,,
198,1.90E+01,,,
199,1.92E+01,,,
200,1.92E+01,,,
201,1.92E+01,,,
202,1.90E+01,,,
203,1.92E+01,,,
204,1.90E+01,,,
205,1.92E+01,,,
206,1.90E+01,,,
207,1.92E+01,,,
208,1.90E+01,,,
209,1.90E+01,,,
210,1.90E+01,,,
211,1.90E+01,,,
212,1.82E+01,,,
213,1.80E+01,,,
214,1.76E+01,,,
215,1.78E+01,,,
216,1.78E+01,,,
217,1.76E+01,,,
218,1.76E+01,,,
219,1.78E+01,,,
220,1.76E+01,,,
221,1.78E+01,,,
222,1.76E+01,,,
223,1.78E+01,,,
224,1.78E+01,,,
225,1.76E+01,,,
226,1.74E+01,,,
227,1.76E+01,,,
228,1.76E+01,,,
229,1.76E+01,,,
230,1.76E+01,,,
231,1.72E+01,,,
232,1.56E+01,,,
233,1.42E+01,,,
234,1.38E+01,,,
235,1.38E+01,,,
236,1.36E+01,,,
237,1.34E+01,,,
238,1.32E+01,,,
239,1.34E+01,,,
240,1.34E+01,,,
241,1.34E+01,,,
242,1.30E+01,,,
243,1.34E+01,,,
244,1.32E+01,,,
245,1.34E+01,,,
246,1.32E+01,,,
247,1.34E+01,,,
248,1.32E+01,,,
249,1.32E+01,,,
250,1.32E+01,,,
251,1.26E+01,,,
252,1.00E+01,,,
253,8.60E+00,,,
254,8.40E+00,,,
255,8.00E+00,,,
256,7.60E+00,,,
257,7.60E+00,,,
258,7.20E+00,,,
259,7.40E+00,,,
260,7.20E+00,,,
261,7.40E+00,,,
262,7.20E+00,,,
263,7.40E+00,,,
264,7.40E+00,,,
265,7.40E+00,,,
266,7.40E+00,,,
267,7.40E+00,,,
268,7.20E+00,,,
269,7.40E+00,,,
270,7.20E+00,,,
271,6.60E+00,,,
272,4.20E+00,,,
273,2.60E+00,,,
274,2.40E+00,,,
275,2.00E+00,,,
276,1.60E+00,,,
277,1.60E+00,,,
278,1.40E+00,,,
279,1.40E+00,,,
280,1.40E+00,,,
281,1.40E+00,,,
282,1.20E+00,,,
283,1.40E+00,,,
284,1.20E+00,,,
285,1.40E+00,,,
286,1.20E+00,,,
287,1.40E+00,,,
288,1.40E+00,,,
289,1.40E+00,,,
290,1.20E+00,,,
291,6.00E-01,,,
292,-1.40E+00,,,
293,-2.40E+00,,,
294,-2.60E+00,,,
295,-3.00E+00,,,
296,-3.20E+00,,,
297,-3.20E+00,,,
298,-3.40E+00,,,
299,-3.40E+00,,,
300,-3.80E+00,,,
301,-3.80E+00,,,
302,-3.80E+00,,,
303,-3.40E+00,,,
304,-3.80E+00,,,
305,-3.80E+00,,,
306,-3.80E+00,,,
307,-3.40E+00,,,
308,-4.00E+00,,,
309,-3.40E+00,,,
310,-3.80E+00,,,
311,-4.00E+00,,,
312,-5.00E+00,,,
313,-5.40E+00,,,
314,-5.80E+00,,,
315,-5.80E+00,,,
316,-6.00E+00,,,
317,-6.00E+00,,,
318,-6.40E+00,,,
319,-6.20E+00,,,
320,-6.20E+00,,,
321,-6.20E+00,,,
322,-6.40E+00,,,
323,-6.20E+00,,,
324,-6.40E+00,,,
325,-6.20E+00,,,
326,-6.20E+00,,,
327,-6.20E+00,,,
328,-6.20E+00,,,
329,-6.00E+00,,,
330,-6.20E+00,,,
331,-6.20E+00,,,
332,-6.40E+00,,,
333,-6.40E+00,,,
334,-6.40E+00,,,
335,-6.40E+00,,,
336,-6.40E+00,,,
337,-6.40E+00,,,
338,-6.60E+00,,,
339,-6.40E+00,,,
340,-6.60E+00,,,
341,-6.40E+00,,,
342,-6.60E+00,,,
343,-6.60E+00,,,
344,-6.40E+00,,,
345,-6.40E+00,,,
346,-6.60E+00,,,
347,-6.40E+00,,,
348,-6.60E+00,,,
349,-6.40E+00,,,
350,-6.60E+00,,,
351,-6.20E+00,,,
352,-5.80E+00,,,
353,-5.40E+00,,,
354,-5.40E+00,,,
355,-5.20E+00,,,
356,-5.20E+00,,,
357,-5.00E+00,,,
358,-5.00E+00,,,
359,-5.00E+00,,,
360,-5.00E+00,,,
361,-5.00E+00,,,
362,-5.00E+00,,,
363,-5.00E+00,,,
364,-5.00E+00,,,
365,-5.00E+00,,,
366,-5.20E+00,,,
367,-5.00E+00,,,
368,-5.00E+00,,,
369,-5.00E+00,,,
370,-5.00E+00,,,
371,-4.80E+00,,,
372,-3.80E+00,,,
373,-3.00E+00,,,
374,-3.00E+00,,,
375,-2.80E+00,,,
376,-2.60E+00,,,
377,-2.60E+00,,,
378,-2.60E+00,,,
379,-2.40E+00,,,
380,-2.60E+00,,,
381,-2.60E+00,,,
382,-2.60E+00,,,
383,-2.60E+00,,,
384,-2.40E+00,,,
385,-2.60E+00,,,
386,-2.80E+00,,,
387,-2.60E+00,,,
388,-2.60E+00,,,
389,-2.40E+00,,,
390,-2.60E+00,,,
391,-2.20E+00,,,
392,-1.60E+00,,,
393,-1.00E+00,,,
394,-1.00E+00,,,
395,-8.00E-01,,,
396,-8.00E-01,,,
397,-6.00E-01,,,
398,-8.00E-01,,,
399,-6.00E-01,,,
400,-6.00E-01,,,
401,-6.00E-01,,,
402,-8.00E-01,,,
403,-6.00E-01,,,
404,-8.00E-01,,,
405,-6.00E-01,,,
406,-6.00E-01,,,
407,-6.00E-01,,,
408,-6.00E-01,,,
409,-6.00E-01,,,
410,-6.00E-01,,,
411,-4.00E-01,,,
412,-2.00E-01,,,
413,2.00E-01,,,
414,-4.35E-05,,,
415,2.00E-01,,,
416,2.00E-01,,,
417,2.00E-01,,,
418,2.00E-01,,,
419,4.00E-01,,,
420,2.00E-01,,,
421,4.00E-01,,,
422,2.00E-01,,,
423,4.00E-01,,,
424,4.00E-01,,,
425,4.00E-01,,,
426,4.00E-01,,,
427,4.00E-01,,,
428,4.00E-01,,,
429,4.00E-01,,,
430,2.00E-01,,,
431,4.00E-01,,,
432,2.00E-01,,,
433,2.00E-01,,,
434,-4.35E-05,,,
435,2.00E-01,,,
436,-4.35E-05,,,
437,-4.35E-05,,,
438,-4.35E-05,,,
439,2.00E-01,,,
440,-4.35E-05,,,
441,-4.35E-05,,,
442,-4.35E-05,,,
443,2.00E-01,,,
444,-4.35E-05,,,
445,2.00E-01,,,
446,-4.35E-05,,,
447,2.00E-01,,,
448,-4.35E-05,,,
449,2.00E-01,,,
450,-4.35E-05,,,
451,-4.35E-05,,,
452,-6.00E-01,,,
453,-1.00E+00,,,
454,-1.00E+00,,,
455,-1.00E+00,,,
456,-1.00E+00,,,
457,-1.20E+00,,,
458,-1.20E+00,,,
459,-1.00E+00,,,
460,-1.40E+00,,,
461,-1.20E+00,,,
462,-1.40E+00,,,
463,-1.00E+00,,,
464,-1.20E+00,,,
465,-1.20E+00,,,
466,-1.40E+00,,,
467,-1.20E+00,,,
468,-1.40E+00,,,
469,-1.20E+00,,,
470,-1.40E+00,,,
471,-1.40E+00,,,
472,-2.00E+00,,,
473,-2.40E+00,,,
474,-2.60E+00,,,
475,-2.40E+00,,,
476,-2.80E+00,,,
477,-2.80E+00,,,
478,-2.80E+00,,,
479,-2.80E+00,,,
480,-2.80E+00,,,
481,-2.80E+00,,,
482,-3.00E+00,,,
483,-2.80E+00,,,
484,-3.00E+00,,,
485,-2.80E+00,,,
486,-2.80E+00,,,
487,-2.80E+00,,,
488,-2.80E+00,,,
489,-2.80E+00,,,
490,-2.80E+00,,,
491,-2.80E+00,,,
492,-3.80E+00,,,
493,-4.00E+00,,,
494,-4.00E+00,,,
495,-4.00E+00,,,
496,-4.20E+00,,,
497,-4.20E+00,,,
498,-4.20E+00,,,
499,-4.20E+00,,,
500,-4.40E+00,,,
501,-4.20E+00,,,
502,-4.20E+00,,,
503,-4.40E+00,,,
504,-4.20E+00,,,
505,-4.20E+00,,,
506,-4.20E+00,,,
507,-4.20E+00,,,
508,-4.20E+00,,,
509,-4.20E+00,,,
510,-4.20E+00,,,
511,-4.20E+00,,,
512,-4.20E+00,,,
513,-4.40E+00,,,
514,-4.60E+00,,,
515,-4.60E+00,,,
516,-4.60E+00,,,
517,-4.40E+00,,,
518,-4.60E+00,,,
519,-4.60E+00,,,
520,-4.60E+00,,,
521,-4.60E+00,,,
522,-4.60E+00,,,
523,-4.40E+00,,,
524,-4.60E+00,,,
525,-4.60E+00,,,
526,-4.60E+00,,,
527,-4.60E+00,,,
528,-4.60E+00,,,
529,-4.60E+00,,,
530,-4.80E+00,,,
531,-4.60E+00,,,
532,-4.40E+00,,,
533,-4.00E+00,,,
534,-4.00E+00,,,
535,-4.00E+00,,,
536,-4.00E+00,,,
537,-4.00E+00,,,
538,-4.00E+00,,,
539,-3.80E+00,,,
540,-4.00E+00,,,
541,-4.00E+00,,,
542,-4.00E+00,,,
543,-4.00E+00,,,
544,-4.00E+00,,,
545,-4.00E+00,,,
546,-4.20E+00,,,
547,-4.00E+00,,,
548,-4.00E+00,,,
549,-4.00E+00,,,
550,-4.00E+00,,,
551,-3.80E+00,,,
552,-3.20E+00,,,
553,-2.80E+00,,,
554,-2.80E+00,,,
555,-2.60E+00,,,
556,-2.80E+00,,,
557,-2.60E+00,,,
558,-2.80E+00,,,
559,-2.60E+00,,,
560,-2.60E+00,,,
561,-2.60E+00,,,
562,-2.60E+00,,,
563,-2.60E+00,,,
564,-2.60E+00,,,
565,-2.60E+00,,,
566,-2.60E+00,,,
567,-2.60E+00,,,
568,-2.60E+00,,,
569,-2.60E+00,,,
570,-2.60E+00,,,
571,-2.40E+00,,,
572,-2.00E+00,,,
573,-1.60E+00,,,
574,-1.80E+00,,,
575,-1.60E+00,,,
576,-1.40E+00,,,
577,-1.40E+00,,,
578,-1.60E+00,,,
579,-1.40E+00,,,
580,-1.40E+00,,,
581,-1.20E+00,,,
582,-1.40E+00,,,
583,-1.40E+00,,,
584,-1.40E+00,,,
585,-1.40E+00,,,
586,-1.40E+00,,,
587,-1.20E+00,,,
588,-1.40E+00,,,
589,-1.40E+00,,,
590,-1.60E+00,,,
591,-1.20E+00,,,
592,-1.00E+00,,,
593,-8.00E-01,,,
594,-8.00E-01,,,
595,-8.00E-01,,,
596,-8.00E-01,,,
597,-6.00E-01,,,
598,-8.00E-01,,,
599,-6.00E-01,,,
600,-6.00E-01,,,
601,-6.00E-01,,,
602,-6.00E-01,,,
603,-6.00E-01,,,
604,-8.00E-01,,,
605,-6.00E-01,,,
606,-8.00E-01,,,
607,-6.00E-01,,,
608,-6.00E-01,,,
609,-6.00E-01,,,
610,-8.00E-01,,,
611,-6.00E-01,,,
612,-8.00E-01,,,
613,-6.00E-01,,,
614,-8.00E-01,,,
615,-6.00E-01,,,
616,-6.00E-01,,,
617,-6.00E-01,,,
618,-6.00E-01,,,
619,-6.00E-01,,,
620,-8.00E-01,,,
621,-6.00E-01,,,
622,-8.00E-01,,,
623,-6.00E-01,,,
624,-6.00E-01,,,
625,-6.00E-01,,,
626,-8.00E-01,,,
627,-8.00E-01,,,
628,-8.00E-01,,,
629,-6.00E-01,,,
630,-8.00E-01,,,
631,-8.00E-01,,,
632,-1.00E+00,,,
633,-1.20E+00,,,
634,-1.40E+00,,,
635,-1.20E+00,,,
636,-1.60E+00,,,
637,-1.60E+00,,,
638,-1.60E+00,,,
639,-1.40E+00,,,
640,-1.40E+00,,,
641,-1.40E+00,,,
642,-1.60E+00,,,
643,-1.60E+00,,,
644,-1.60E+00,,,
645,-1.40E+00,,,
646,-1.60E+00,,,
647,-1.40E+00,,,
648,-1.40E+00,,,
649,-1.40E+00,,,
650,-1.60E+00,,,
651,-1.60E+00,,,
652,-2.20E+00,,,
653,-2.40E+00,,,
654,-2.60E+00,,,
655,-2.60E+00,,,
656,-2.60E+00,,,
657,-2.60E+00,,,
658,-2.80E+00,,,
659,-2.80E+00,,,
660,-2.80E+00,,,
661,-2.80E+00,,,
662,-2.80E+00,,,
663,-2.80E+00,,,
664,-2.60E+00,,,
665,-2.60E+00,,,
666,-2.60E+00,,,
667,-2.60E+00,,,
668,-2.80E+00,,,
669,-2.60E+00,,,
670,-2.80E+00,,,
671,-2.80E+00,,,
672,-3.20E+00,,,
673,-3.40E+00,,,
674,-3.80E+00,,,
675,-3.80E+00,,,
676,-4.00E+00,,,
677,-4.00E+00,,,
678,-4.00E+00,,,
679,-4.00E+00,,,
680,-4.00E+00,,,
681,-4.00E+00,,,
682,-4.00E+00,,,
683,-3.80E+00,,,
684,-4.00E+00,,,
685,-3.80E+00,,,
686,-4.00E+00,,,
687,-3.80E+00,,,
688,-3.80E+00,,,
689,-3.80E+00,,,
690,-4.00E+00,,,
691,-4.00E+00,,,
692,-4.20E+00,,,
693,-4.20E+00,,,
694,-4.20E+00,,,
695,-4.40E+00,,,
696,-4.20E+00,,,
697,-4.20E+00,,,
698,-4.40E+00,,,
699,-4.20E+00,,,
700,-4.40E+00,,,
701,-4.20E+00,,,
702,-4.40E+00,,,
703,-4.20E+00,,,
704,-4.20E+00,,,
705,-4.40E+00,,,
706,-4.40E+00,,,
707,-4.40E+00,,,
708,-4.40E+00,,,
709,-4.40E+00,,,
710,-4.40E+00,,,
711,-4.40E+00,,,
712,-4.00E+00,,,
713,-4.00E+00,,,
714,-4.00E+00,,,
715,-3.80E+00,,,
716,-4.00E+00,,,
717,-4.00E+00,,,
718,-4.00E+00,,,
719,-3.80E+00,,,
720,-4.00E+00,,,
721,-3.80E+00,,,
722,-4.00E+00,,,
723,-4.00E+00,,,
724,-4.00E+00,,,
725,-4.00E+00,,,
726,-4.00E+00,,,
727,-4.00E+00,,,
728,-4.00E+00,,,
729,-4.00E+00,,,
730,-4.00E+00,,,
731,-3.80E+00,,,
732,-3.40E+00,,,
733,-2.80E+00,,,
734,-3.00E+00,,,
735,-2.80E+00,,,
736,-2.60E+00,,,
737,-2.80E+00,,,
738,-2.80E+00,,,
739,-2.80E+00,,,
740,-2.80E+00,,,
741,-2.80E+00,,,
742,-2.80E+00,,,
743,-2.80E+00,,,
744,-2.60E+00,,,
745,-2.80E+00,,,
746,-2.80E+00,,,
747,-2.60E+00,,,
748,-2.80E+00,,,
749,-2.60E+00,,,
750,-2.80E+00,,,
751,-2.60E+00,,,
752,-2.00E+00,,,
753,-1.80E+00,,,
754,-1.80E+00,,,
755,-1.60E+00,,,
756,-1.80E+00,,,
757,-1.60E+00,,,
758,-1.60E+00,,,
759,-1.40E+00,,,
760,-1.40E+00,,,
761,-1.60E+00,,,
762,-1.60E+00,,,
763,-1.40E+00,,,
764,-1.60E+00,,,
765,-1.60E+00,,,
766,-1.80E+00,,,
767,-1.60E+00,,,
768,-1.60E+00,,,
769,-1.40E+00,,,
770,-1.60E+00,,,
771,-1.40E+00,,,
772,-1.20E+00,,,
773,-8.00E-01,,,
774,-1.00E+00,,,
775,-8.00E-01,,,
776,-8.00E-01,,,
777,-8.00E-01,,,
778,-8.00E-01,,,
779,-6.00E-01,,,
780,-8.00E-01,,,
781,-8.00E-01,,,
782,-8.00E-01,,,
783,-6.00E-01,,,
784,-6.00E-01,,,
785,-6.00E-01,,,
786,-8.00E-01,,,
787,-8.00E-01,,,
788,-8.00E-01,,,
789,-8.00E-01,,,
790,-8.00E-01,,,
791,-8.00E-01,,,
792,-6.00E-01,,,
793,-6.00E-01,,,
794,-8.00E-01,,,
795,-6.00E-01,,,
796,-8.00E-01,,,
797,-6.00E-01,,,
798,-8.00E-01,,,
799,-6.00E-01,,,
800,-6.00E-01,,,
801,-6.00E-01,,,
802,-8.00E-01,,,
803,-6.00E-01,,,
804,-6.00E-01,,,
805,-6.00E-01,,,
806,-6.00E-01,,,
807,-6.00E-01,,,
808,-6.00E-01,,,
809,-6.00E-01,,,
810,-6.00E-01,,,
811,-6.00E-01,,,
812,-1.00E+00,,,
813,-1.00E+00,,,
814,-1.20E+00,,,
815,-1.20E+00,,,
816,-1.20E+00,,,
817,-1.20E+00,,,
818,-1.40E+00,,,
819,-1.40E+00,,,
820,-1.40E+00,,,
821,-1.20E+00,,,
822,-1.40E+00,,,
823,-1.40E+00,,,
824,-1.20E+00,,,
825,-1.20E+00,,,
826,-1.40E+00,,,
827,-1.20E+00,,,
828,-1.40E+00,,,
829,-1.40E+00,,,
830,-1.40E+00,,,
831,-1.40E+00,,,
832,-2.00E+00,,,
833,-2.20E+00,,,
834,-2.60E+00,,,
835,-2.40E+00,,,
836,-2.60E+00,,,
837,-2.40E+00,,,
838,-2.60E+00,,,
839,-2.60E+00,,,
840,-2.60E+00,,,
841,-2.40E+00,,,
842,-2.60E+00,,,
843,-2.40E+00,,,
844,-2.60E+00,,,
845,-2.60E+00,,,
846,-2.60E+00,,,
847,-2.40E+00,,,
848,-2.60E+00,,,
849,-2.60E+00,,,
850,-2.80E+00,,,
851,-2.80E+00,,,
852,-3.40E+00,,,
853,-3.40E+00,,,
854,-3.80E+00,,,
855,-4.00E+00,,,
856,-4.00E+00,,,
857,-3.80E+00,,,
858,-4.00E+00,,,
859,-3.80E+00,,,
860,-4.00E+00,,,
861,-4.00E+00,,,
862,-4.20E+00,,,
863,-4.00E+00,,,
864,-4.00E+00,,,
865,-4.00E+00,,,
866,-4.00E+00,,,
867,-4.00E+00,,,
868,-4.00E+00,,,
869,-4.00E+00,,,
870,-4.00E+00,,,
871,-4.00E+00,,,
872,-4.20E+00,,,
873,-4.40E+00,,,
874,-4.40E+00,,,
875,-4.40E+00,,,
876,-4.60E+00,,,
877,-4.40E+00,,,
878,-4.60E+00,,,
879,-4.60E+00,,,
880,-4.60E+00,,,
881,-4.60E+00,,,
882,-4.80E+00,,,
883,-4.60E+00,,,
884,-4.60E+00,,,
885,-4.60E+00,,,
886,-4.60E+00,,,
887,-4.60E+00,,,
888,-4.60E+00,,,
889,-4.60E+00,,,
890,-4.60E+00,,,
891,-4.40E+00,,,
892,-4.40E+00,,,
893,-4.40E+00,,,
894,-4.40E+00,,,
895,-4.20E+00,,,
896,-4.20E+00,,,
897,-4.20E+00,,,
898,-4.20E+00,,,
899,-4.20E+00,,,
900,-4.40E+00,,,
901,-4.20E+00,,,
902,-4.20E+00,,,
903,-4.20E+00,,,
904,-4.20E+00,,,
905,-4.20E+00,,,
906,-4.20E+00,,,
907,-4.20E+00,,,
908,-4.40E+00,,,
909,-4.20E+00,,,
910,-4.40E+00,,,
911,-4.00E+00,,,
912,-3.40E+00,,,
913,-3.20E+00,,,
914,-3.20E+00,,,
915,-3.00E+00,,,
916,-3.00E+00,,,
917,-2.80E+00,,,
918,-2.80E+00,,,
919,-3.00E+00,,,
920,-2.80E+00,,,
921,-2.80E+00,,,
922,-3.00E+00,,,
923,-2.80E+00,,,
924,-3.00E+00,,,
925,-2.80E+00,,,
926,-2.80E+00,,,
927,-2.80E+00,,,
928,-2.80E+00,,,
929,-3.00E+00,,,
930,-3.00E+00,,,
931,-2.80E+00,,,
932,-2.20E+00,,,
933,-1.60E+00,,,
934,-1.60E+00,,,
935,-1.60E+00,,,
936,-1.40E+00,,,
937,-1.40E+00,,,
938,-1.40E+00,,,
939,-1.20E+00,,,
940,-1.40E+00,,,
941,-1.20E+00,,,
942,-1.40E+00,,,
943,-1.20E+00,,,
944,-1.20E+00,,,
945,-1.20E+00,,,
946,-1.40E+00,,,
947,-1.40E+00,,,
948,-1.40E+00,,,
949,-1.20E+00,,,
950,-1.40E+00,,,
951,-1.00E+00,,,
952,-4.00E-01,,,
953,-2.00E-01,,,
954,-2.00E-01,,,
955,-4.35E-05,,,
956,-2.00E-01,,,
957,-4.35E-05,,,
958,-4.35E-05,,,
959,-4.35E-05,,,
960,2.00E-01,,,
961,-4.35E-05,,,
962,-2.00E-01,,,
963,-4.35E-05,,,
964,-4.35E-05,,,
965,-4.35E-05,,,
966,-4.35E-05,,,
967,-4.35E-05,,,
968,-4.35E-05,,,
969,-4.35E-05,,,
970,2.00E-01,,,
971,2.00E-01,,,
972,2.00E-01,,,
973,2.00E-01,,,
974,2.00E-01,,,
975,4.00E-01,,,
976,4.00E-01,,,
977,2.00E-01,,,
978,2.00E-01,,,
979,2.00E-01,,,
980,2.00E-01,,,
981,4.00E-01,,,
982,4.00E-01,,,
983,4.00E-01,,,
984,4.00E-01,,,
985,4.00E-01,,,
986,4.00E-01,,,
987,6.00E-01,,,
988,2.00E-01,,,
989,4.00E-01,,,
990,2.00E-01,,,
991,2.00E-01,,,
992,-4.35E-05,,,
993,-4.00E-01,,,
994,-6.00E-01,,,
995,-6.00E-01,,,
996,-6.00E-01,,,
997,-4.00E-01,,,
998,-6.00E-01,,,
999,-6.00E-01,,,
1000,-6.00E-01,,,
1001,-4.00E-01,,,
1002,-6.00E-01,,,
1003,-4.00E-01,,,
1004,-6.00E-01,,,
1005,-4.00E-01,,,
1006,-8.00E-01,,,
1007,-6.00E-01,,,
1008,-4.00E-01,,,
1009,-4.00E-01,,,
1010,-6.00E-01,,,
1011,-8.00E-01,,,
1012,-1.60E+00,,,
1013,-2.00E+00,,,
1014,-2.20E+00,,,
1015,-2.20E+00,,,
1016,-2.40E+00,,,
1017,-2.20E+00,,,
1018,-2.40E+00,,,
1019,-2.40E+00,,,
1020,-2.60E+00,,,
1021,-2.40E+00,,,
1022,-2.60E+00,,,
1023,-2.40E+00,,,
1024,-2.40E+00,,,
1025,-2.40E+00,,,
1026,-2.60E+00,,,
1027,-2.40E+00,,,
1028,-2.60E+00,,,
1029,-2.40E+00,,,
1030,-2.60E+00,,,
1031,-2.80E+00,,,
1032,-3.80E+00,,,
1033,-4.40E+00,,,
1034,-4.40E+00,,,
1035,-4.60E+00,,,
1036,-5.00E+00,,,
1037,-4.80E+00,,,
1038,-5.00E+00,,,
1039,-5.00E+00,,,
1040,-5.00E+00,,,
1041,-5.00E+00,,,
1042,-5.00E+00,,,
1043,-5.00E+00,,,
1044,-5.00E+00,,,
1045,-4.80E+00,,,
1046,-4.80E+00,,,
1047,-5.00E+00,,,
1048,-4.80E+00,,,
1049,-5.00E+00,,,
1050,-5.00E+00,,,
1051,-5.00E+00,,,
1052,-5.80E+00,,,
1053,-6.00E+00,,,
1054,-6.20E+00,,,
1055,-6.20E+00,,,
1056,-6.20E+00,,,
1057,-6.40E+00,,,
1058,-6.40E+00,,,
1059,-6.40E+00,,,
1060,-6.60E+00,,,
1061,-6.40E+00,,,
1062,-6.40E+00,,,
1063,-6.40E+00,,,
1064,-6.40E+00,,,
1065,-6.20E+00,,,
1066,-6.40E+00,,,
1067,-6.20E+00,,,
1068,-6.60E+00,,,
1069,-6.40E+00,,,
1070,-6.60E+00,,,
1071,-6.40E+00,,,
1072,-6.20E+00,,,
1073,-6.20E+00,,,
1074,-6.40E+00,,,
1075,-6.20E+00,,,
1076,-6.40E+00,,,
1077,-6.20E+00,,,
1078,-6.20E+00,,,
1079,-6.20E+00,,,
1080,-6.40E+00,,,
1081,-6.20E+00,,,
1082,-6.20E+00,,,
1083,-6.20E+00,,,
1084,-6.40E+00,,,
1085,-6.40E+00,,,
1086,-6.40E+00,,,
1087,-6.20E+00,,,
1088,-6.20E+00,,,
1089,-6.20E+00,,,
1090,-6.40E+00,,,
1091,-6.00E+00,,,
1092,-5.00E+00,,,
1093,-4.20E+00,,,
1094,-4.20E+00,,,
1095,-4.00E+00,,,
1096,-4.00E+00,,,
1097,-4.00E+00,,,
1098,-4.00E+00,,,
1099,-3.80E+00,,,
1100,-4.00E+00,,,
1101,-3.80E+00,,,
1102,-4.00E+00,,,
1103,-3.80E+00,,,
1104,-3.80E+00,,,
1105,-3.80E+00,,,
1106,-4.00E+00,,,
1107,-4.00E+00,,,
1108,-4.00E+00,,,
1109,-3.80E+00,,,
1110,-3.80E+00,,,
1111,-3.00E+00,,,
1112,-1.20E+00,,,
1113,-4.35E-05,,,
1114,-4.35E-05,,,
1115,4.00E-01,,,
1116,6.00E-01,,,
1117,8.00E-01,,,
1118,8.00E-01,,,
1119,1.20E+00,,,
1120,1.20E+00,,,
1121,1.20E+00,,,
1122,8.00E-01,,,
1123,1.20E+00,,,
1124,8.00E-01,,,
1125,1.20E+00,,,
1126,8.00E-01,,,
1127,1.20E+00,,,
1128,1.20E+00,,,
1129,1.20E+00,,,
1130,1.20E+00,,,
1131,2.00E+00,,,
1132,4.20E+00,,,
1133,5.40E+00,,,
1134,5.80E+00,,,
1135,6.60E+00,,,
1136,6.80E+00,,,
1137,7.00E+00,,,
1138,6.80E+00,,,
1139,7.20E+00,,,
1140,7.00E+00,,,
1141,7.20E+00,,,
1142,7.20E+00,,,
1143,7.20E+00,,,
1144,7.20E+00,,,
1145,7.20E+00,,,
1146,7.00E+00,,,
1147,7.20E+00,,,
1148,7.00E+00,,,
1149,7.20E+00,,,
1150,7.00E+00,,,
1151,8.00E+00,,,
1152,1.04E+01,,,
1153,1.18E+01,,,
1154,1.18E+01,,,
1155,1.26E+01,,,
1156,1.28E+01,,,
1157,1.28E+01,,,
1158,1.30E+01,,,
1159,1.30E+01,,,
1160,1.32E+01,,,
1161,1.32E+01,,,
1162,1.30E+01,,,
1163,1.32E+01,,,
1164,1.30E+01,,,
1165,1.32E+01,,,
1166,1.28E+01,,,
1167,1.32E+01,,,
1168,1.32E+01,,,
1169,1.30E+01,,,
1170,1.28E+01,,,
1171,1.38E+01,,,
1172,1.54E+01,,,
1173,1.66E+01,,,
1174,1.66E+01,,,
1175,1.70E+01,,,
1176,1.72E+01,,,
1177,1.74E+01,,,
1178,1.72E+01,,,
1179,1.76E+01,,,
1180,1.76E+01,,,
1181,1.76E+01,,,
1182,1.74E+01,,,
1183,1.76E+01,,,
1184,1.76E+01,,,
1185,1.76E+01,,,
1186,1.72E+01,,,
1187,1.76E+01,,,
1188,1.74E+01,,,
1189,1.76E+01,,,
1190,1.74E+01,,,
1191,1.76E+01,,,
1192,1.84E+01,,,
1193,1.90E+01,,,
1194,1.86E+01,,,
1195,1.90E+01,,,
1196,1.90E+01,,,
1197,1.90E+01,,,
1198,1.90E+01,,,
1199,1.92E+01,,,
1200,1.90E+01,,,
1201,1.90E+01,,,
1202,1.90E+01,,,
1203,1.92E+01,,,
1204,1.90E+01,,,
1205,1.92E+01,,,
1206,1.90E+01,,,
1207,1.92E+01,,,
1208,1.92E+01,,,
1209,1.92E+01,,,
1210,1.90E+01,,,
1211,1.90E+01,,,
1212,1.82E+01,,,
1213,1.80E+01,,,
1214,1.76E+01,,,
1215,1.78E+01,,,
1216,1.78E+01,,,
1217,1.76E+01,,,
1218,1.74E+01,,,
1219,1.76E+01,,,
1220,1.76E+01,,,
1221,1.78E+01,,,
1222,1.76E+01,,,
1223,1.76E+01,,,
1224,1.78E+01,,,
1225,1.78E+01,,,
1226,1.76E+01,,,
1227,1.78E+01,,,
1228,1.76E+01,,,
1229,1.78E+01,,,
1230,1.74E+01,,,
1231,1.72E+01,,,
1232,1.56E+01,,,
1233,1.42E+01,,,
1234,1.38E+01,,,
1235,1.38E+01,,,
1236,1.36E+01,,,
1237,1.34E+01,,,
1238,1.32E+01,,,
1239,1.34E+01,,,
1240,1.34E+01,,,
1241,1.32E+01,,,
1242,1.32E+01,,,
1243,1.34E+01,,,
1244,1.32E+01,,,
1245,1.32E+01,,,
1246,1.32E+01,,,
1247,1.34E+01,,,
1248,1.32E+01,,,
1249,1.32E+01,,,
1250,1.30E+01,,,
1251,1.26E+01,,,
1252,1.00E+01,,,
1253,8.60E+00,,,
1254,8.40E+00,,,
1255,8.00E+00,,,
1256,7.80E+00,,,
1257,7.60E+00,,,
1258,7.40E+00,,,
1259,7.40E+00,,,
1260,7.40E+00,,,
1261,7.40E+00,,,
1262,7.20E+00,,,
1263,7.40E+00,,,
1264,7.40E+00,,,
1265,7.40E+00,,,
1266,7.20E+00,,,
1267,7.40E+00,,,
1268,7.20E+00,,,
1269,7.40E+00,,,
1270,7.20E+00,,,
1271,6.60E+00,,,
1272,4.20E+00,,,
1273,2.60E+00,,,
1274,2.40E+00,,,
1275,2.20E+00,,,
1276,1.60E+00,,,
1277,1.60E+00,,,
1278,1.40E+00,,,
1279,1.40E+00,,,
1280,1.40E+00,,,
1281,1.20E+00,,,
1282,1.20E+00,,,
1283,1.40E+00,,,
1284,1.20E+00,,,
1285,1.40E+00,,,
1286,1.40E+00,,,
1287,1.40E+00,,,
1288,1.40E+00,,,
1289,1.40E+00,,,
1290,1.20E+00,,,
1291,4.00E-01,,,
1292,-1.40E+00,,,
1293,-2.40E+00,,,
1294,-2.80E+00,,,
1295,-3.00E+00,,,
1296,-3.20E+00,,,
1297,-3.20E+00,,,
1298,-3.80E+00,,,
1299,-3.80E+00,,,
1300,-3.80E+00,,,
1301,-3.40E+00,,,
1302,-3.80E+00,,,
1303,-3.80E+00,,,
1304,-3.40E+00,,,
1305,-3.80E+00,,,
1306,-3.80E+00,,,
1307,-3.40E+00,,,
1308,-3.40E+00,,,
1309,-3.40E+00,,,
1310,-4.00E+00,,,
1311,-4.00E+00,,,
1312,-5.00E+00,,,
1313,-5.60E+00,,,
1314,-5.80E+00,,,
1315,-6.00E+00,,,
1316,-6.20E+00,,,
1317,-6.00E+00,,,
1318,-6.20E+00,,,
1319,-6.20E+00,,,
1320,-6.20E+00,,,
1321,-6.20E+00,,,
1322,-6.20E+00,,,
1323,-6.20E+00,,,
1324,-6.20E+00,,,
1325,-6.20E+00,,,
1326,-6.40E+00,,,
1327,-6.20E+00,,,
1328,-6.20E+00,,,
1329,-6.20E+00,,,
1330,-6.40E+00,,,
1331,-6.40E+00,,,
1332,-6.40E+00,,,
1333,-6.20E+00,,,
1334,-6.40E+00,,,
1335,-6.40E+00,,,
1336,-6.40E+00,,,
1337,-6.40E+00,,,
1338,-6.60E+00,,,
1339,-6.40E+00,,,
1340,-6.60E+00,,,
1341,-6.60E+00,,,
1342,-6.60E+00,,,
1343,-6.40E+00,,,
1344,-6.60E+00,,,
1345,-6.60E+00,,,
1346,-6.60E+00,,,
1347,-6.40E+00,,,
1348,-6.60E+00,,,
1349,-6.40E+00,,,
1350,-6.40E+00,,,
1351,-6.40E+00,,,
1352,-5.60E+00,,,
1353,-5.20E+00,,,
1354,-5.20E+00,,,
1355,-5.00E+00,,,
1356,-5.20E+00,,,
1357,-5.00E+00,,,
1358,-5.20E+00,,,
1359,-5.00E+00,,,
1360,-5.00E+00,,,
1361,-5.00E+00,,,
1362,-5.00E+00,,,
1363,-5.00E+00,,,
1364,-5.00E+00,,,
1365,-5.00E+00,,,
1366,-5.00E+00,,,
1367,-5.00E+00,,,
1368,-5.00E+00,,,
1369,-5.00E+00,,,
1370,-5.00E+00,,,
1371,-4.60E+00,,,
1372,-3.80E+00,,,
1373,-3.00E+00,,,
1374,-3.00E+00,,,
1375,-2.80E+00,,,
1376,-2.80E+00,,,
1377,-2.60E+00,,,
1378,-2.80E+00,,,
1379,-2.60E+00,,,
1380,-2.60E+00,,,
1381,-2.40E+00,,,
1382,-2.60E+00,,,
1383,-2.60E+00,,,
1384,-2.60E+00,,,
1385,-2.40E+00,,,
1386,-2.60E+00,,,
1387,-2.40E+00,,,
1388,-2.60E+00,,,
1389,-2.60E+00,,,
1390,-2.60E+00,,,
1391,-2.20E+00,,,
1392,-1.40E+00,,,
1393,-1.00E+00,,,
1394,-1.20E+00,,,
1395,-8.00E-01,,,
1396,-8.00E-01,,,
1397,-6.00E-01,,,
1398,-8.00E-01,,,
1399,-6.00E-01,,,
1400,-6.00E-01,,,
1401,-4.00E-01,,,
1402,-6.00E-01,,,
1403,-6.00E-01,,,
1404,-6.00E-01,,,
1405,-6.00E-01,,,
1406,-8.00E-01,,,
1407,-6.00E-01,,,
1408,-6.00E-01,,,
1409,-6.00E-01,,,
1410,-8.00E-01,,,
1411,-4.00E-01,,,
1412,-2.00E-01,,,
1413,2.00E-01,,,
1414,2.00E-01,,,
1415,2.00E-01,,,
1416,4.00E-01,,,
1417,4.00E-01,,,
1418,2.00E-01,,,
1419,4.00E-01,,,
1420,2.00E-01,,,
1421,4.00E-01,,,
1422,2.00E-01,,,
1423,4.00E-01,,,
1424,4.00E-01,,,
1425,4.00E-01,,,
1426,2.00E-01,,,
1427,4.00E-01,,,
1428,2.00E-01,,,
1429,4.00E-01,,,
1430,4.00E-01,,,
1431,4.00E-01,,,
1432,2.00E-01,,,
1433,2.00E-01,,,
1434,-4.35E-05,,,
1435,2.00E-01,,,
1436,-4.35E-05,,,
1437,2.00E-01,,,
1438,-4.35E-05,,,
1439,-4.35E-05,,,
1440,2.00E-01,,,
1441,-4.35E-05,,,
1442,-4.35E-05,,,
1443,-4.35E-05,,,
1444,-4.35E-05,,,
1445,2.00E-01,,,
1446,-4.35E-05,,,
1447,2.00E-01,,,
1448,-4.35E-05,,,
1449,2.00E-01,,,
1450,-4.35E-05,,,
1451,-4.35E-05,,,
1452,-6.00E-01,,,
1453,-8.00E-01,,,
1454,-1.20E+00,,,
1455,-1.00E+00,,,
1456,-1.20E+00,,,
1457,-1.20E+00,,,
1458,-1.40E+00,,,
1459,-1.20E+00,,,
1460,-1.40E+00,,,
1461,-1.20E+00,,,
1462,-1.20E+00,,,
1463,-1.20E+00,,,
1464,-1.20E+00,,,
1465,-1.20E+00,,,
1466,-1.40E+00,,,
1467,-1.20E+00,,,
1468,-1.40E+00,,,
1469,-1.20E+00,,,
1470,-1.40E+00,,,
1471,-1.40E+00,,,
1472,-2.00E+00,,,
1473,-2.40E+00,,,
1474,-2.80E+00,,,
1475,-2.60E+00,,,
1476,-2.80E+00,,,
1477,-2.80E+00,,,
1478,-2.80E+00,,,
1479,-2.80E+00,,,
1480,-2.80E+00,,,
1481,-2.80E+00,,,
1482,-2.80E+00,,,
1483,-2.80E+00,,,
1484,-2.80E+00,,,
1485,-2.80E+00,,,
1486,-2.80E+00,,,
1487,-2.80E+00,,,
1488,-2.80E+00,,,
1489,-2.80E+00,,,
1490,-3.00E+00,,,
1491,-3.00E+00,,,
1492,-3.40E+00,,,
1493,-4.00E+00,,,
1494,-4.00E+00,,,
1495,-4.00E+00,,,
1496,-4.20E+00,,,
1497,-4.20E+00,,,
1498,-4.20E+00,,,
1499,-4.20E+00,,,
1500,-4.20E+00,,,
1501,-4.20E+00,,,
1502,-4.40E+00,,,
1503,-4.20E+00,,,
1504,-4.20E+00,,,
1505,-4.20E+00,,,
1506,-4.40E+00,,,
1507,-4.20E+00,,,
1508,-4.40E+00,,,
1509,-4.20E+00,,,
1510,-4.20E+00,,,
1511,-4.20E+00,,,
1512,-4.20E+00,,,
1513,-4.40E+00,,,
1514,-4.60E+00,,,
1515,-4.40E+00,,,
1516,-4.60E+00,,,
1517,-4.60E+00,,,
1518,-4.60E+00,,,
1519,-4.60E+00,,,
1520,-4.60E+00,,,
1521,-4.60E+00,,,
1522,-4.60E+00,,,
1523,-4.60E+00,,,
1524,-4.60E+00,,,
1525,-4.60E+00,,,
1526,-4.60E+00,,,
1527,-4.60E+00,,,
1528,-4.60E+00,,,
1529,-4.40E+00,,,
1530,-4.60E+00,,,
1531,-4.40E+00,,,
1532,-4.40E+00,,,
1533,-4.00E+00,,,
1534,-4.20E+00,,,
1535,-4.00E+00,,,
1536,-4.00E+00,,,
1537,-4.00E+00,,,
1538,-4.20E+00,,,
1539,-4.00E+00,,,
1540,-4.00E+00,,,
1541,-4.00E+00,,,
1542,-4.00E+00,,,
1543,-4.00E+00,,,
1544,-4.00E+00,,,
1545,-4.00E+00,,,
1546,-4.00E+00,,,
1547,-4.00E+00,,,
1548,-4.00E+00,,,
1549,-4.00E+00,,,
1550,-4.20E+00,,,
1551,-3.80E+00,,,
1552,-3.00E+00,,,
1553,-2.80E+00,,,
1554,-3.00E+00,,,
1555,-2.60E+00,,,
1556,-2.80E+00,,,
1557,-2.60E+00,,,
1558,-2.80E+00,,,
1559,-2.60E+00,,,
1560,-2.60E+00,,,
1561,-2.60E+00,,,
1562,-2.60E+00,,,
1563,-2.60E+00,,,
1564,-2.80E+00,,,
1565,-2.60E+00,,,
1566,-2.80E+00,,,
1567,-2.60E+00,,,
1568,-2.60E+00,,,
1569,-2.60E+00,,,
1570,-2.80E+00,,,
1571,-2.40E+00,,,
1572,-2.00E+00,,,
1573,-1.60E+00,,,
1574,-1.60E+00,,,
1575,-1.60E+00,,,
1576,-1.40E+00,,,
1577,-1.40E+00,,,
1578,-1.40E+00,,,
1579,-1.20E+00,,,
1580,-1.40E+00,,,
1581,-1.40E+00,,,
1582,-1.40E+00,,,
1583,-1.40E+00,,,
1584,-1.40E+00,,,
1585,-1.40E+00,,,
1586,-1.40E+00,,,
1587,-1.40E+00,,,
1588,-1.40E+00,,,
1589,-1.40E+00,,,
1590,-1.40E+00,,,
1591,-1.20E+00,,,
1592,-8.00E-01,,,
1593,-8.00E-01,,,
1594,-8.00E-01,,,
1595,-6.00E-01,,,
1596,-8.00E-01,,,
1597,-8.00E-01,,,
1598,-8.00E-01,,,
1599,-6.00E-01,,,
1600,-6.00E-01,,,
1601,-6.00E-01,,,
1602,-8.00E-01,,,
1603,-8.00E-01,,,
1604,-8.00E-01,,,
1605,-6.00E-01,,,
1606,-6.00E-01,,,
1607,-6.00E-01,,,
1608,-6.00E-01,,,
1609,-6.00E-01,,,
1610,-6.00E-01,,,
1611,-6.00E-01,,,
1612,-8.00E-01,,,
1613,-6.00E-01,,,
1614,-8.00E-01,,,
1615,-6.00E-01,,,
1616,-8.00E-01,,,
1617,-6.00E-01,,,
1618,-8.00E-01,,,
1619,-6.00E-01,,,
1620,-8.00E-01,,,
1621,-6.00E-01,,,
1622,-8.00E-01,,,
1623,-6.00E-01,,,
1624,-6.00E-01,,,
1625,-6.00E-01,,,
1626,-8.00E-01,,,
1627,-6.00E-01,,,
1628,-8.00E-01,,,
1629,-6.00E-01,,,
1630,-8.00E-01,,,
1631,-8.00E-01,,,
1632,-1.00E+00,,,
1633,-1.40E+00,,,
1634,-1.60E+00,,,
1635,-1.40E+00,,,
1636,-1.60E+00,,,
1637,-1.40E+00,,,
1638,-1.60E+00,,,
1639,-1.60E+00,,,
1640,-1.40E+00,,,
1641,-1.40E+00,,,
1642,-1.40E+00,,,
1643,-1.40E+00,,,
1644,-1.60E+00,,,
1645,-1.40E+00,,,
1646,-1.60E+00,,,
1647,-1.40E+00,,,
1648,-1.60E+00,,,
1649,-1.60E+00,,,
1650,-1.80E+00,,,
1651,-1.80E+00,,,
1652,-2.20E+00,,,
1653,-2.40E+00,,,
1654,-2.60E+00,,,
1655,-2.60E+00,,,
1656,-2.60E+00,,,
1657,-2.60E+00,,,
1658,-2.80E+00,,,
1659,-2.60E+00,,,
1660,-2.80E+00,,,
1661,-2.60E+00,,,
1662,-2.80E+00,,,
1663,-2.60E+00,,,
1664,-2.80E+00,,,
1665,-2.60E+00,,,
1666,-2.80E+00,,,
1667,-2.80E+00,,,
1668,-2.80E+00,,,
1669,-2.60E+00,,,
1670,-2.80E+00,,,
1671,-2.80E+00,,,
1672,-3.20E+00,,,
1673,-3.40E+00,,,
1674,-3.80E+00,,,
1675,-3.40E+00,,,
1676,-4.00E+00,,,
1677,-3.80E+00,,,
1678,-4.00E+00,,,
1679,-4.00E+00,,,
1680,-4.00E+00,,,
1681,-4.00E+00,,,
1682,-4.00E+00,,,
1683,-4.00E+00,,,
1684,-4.00E+00,,,
1685,-4.00E+00,,,
1686,-4.00E+00,,,
1687,-4.00E+00,,,
1688,-3.80E+00,,,
1689,-3.80E+00,,,
1690,-4.00E+00,,,
1691,-4.00E+00,,,
1692,-4.20E+00,,,
1693,-4.20E+00,,,
1694,-4.20E+00,,,
1695,-4.20E+00,,,
1696,-4.40E+00,,,
1697,-4.20E+00,,,
1698,-4.40E+00,,,
1699,-4.40E+00,,,
1700,-4.40E+00,,,
1701,-4.40E+00,,,
1702,-4.20E+00,,,
1703,-4.20E+00,,,
1704,-4.40E+00,,,
1705,-4.20E+00,,,
1706,-4.40E+00,,,
1707,-4.20E+00,,,
1708,-4.40E+00,,,
1709,-4.20E+00,,,
1710,-4.40E+00,,,
1711,-4.20E+00,,,
1712,-4.00E+00,,,
1713,-4.00E+00,,,
1714,-4.20E+00,,,
1715,-4.00E+00,,,
1716,-4.00E+00,,,
1717,-4.00E+00,,,
1718,-4.00E+00,,,
1719,-4.00E+00,,,
1720,-4.00E+00,,,
1721,-3.80E+00,,,
1722,-4.00E+00,,,
1723,-3.80E+00,,,
1724,-4.00E+00,,,
1725,-4.00E+00,,,
1726,-4.00E+00,,,
1727,-4.00E+00,,,
1728,-4.00E+00,,,
1729,-4.00E+00,,,
1730,-4.00E+00,,,
1731,-3.80E+00,,,
1732,-3.20E+00,,,
1733,-2.80E+00,,,
1734,-2.80E+00,,,
1735,-2.80E+00,,,
1736,-2.80E+00,,,
1737,-2.80E+00,,,
1738,-2.80E+00,,,
1739,-2.60E+00,,,
1740,-2.80E+00,,,
1741,-2.60E+00,,,
1742,-2.80E+00,,,
1743,-2.80E+00,,,
1744,-2.80E+00,,,
1745,-2.80E+00,,,
1746,-2.80E+00,,,
1747,-2.60E+00,,,
1748,-2.80E+00,,,
1749,-2.60E+00,,,
1750,-2.80E+00,,,
1751,-2.60E+00,,,
1752,-2.00E+00,,,
1753,-1.80E+00,,,
1754,-1.80E+00,,,
1755,-1.60E+00,,,
1756,-1.60E+00,,,
1757,-1.60E+00,,,
1758,-1.60E+00,,,
1759,-1.60E+00,,,
1760,-1.60E+00,,,
1761,-1.60E+00,,,
1762,-1.60E+00,,,
1763,-1.60E+00,,,
1764,-1.60E+00,,,
1765,-1.40E+00,,,
1766,-1.60E+00,,,
1767,-1.60E+00,,,
1768,-1.60E+00,,,
1769,-1.60E+00,,,
1770,-1.60E+00,,,
1771,-1.40E+00,,,
1772,-1.20E+00,,,
1773,-8.00E-01,,,
1774,-1.00E+00,,,
1775,-8.00E-01,,,
1776,-6.00E-01,,,
1777,-8.00E-01,,,
1778,-8.00E-01,,,
1779,-6.00E-01,,,
1780,-8.00E-01,,,
1781,-8.00E-01,,,
1782,-8.00E-01,,,
1783,-8.00E-01,,,
1784,-6.00E-01,,,
1785,-6.00E-01,,,
1786,-8.00E-01,,,
1787,-6.00E-01,,,
1788,-8.00E-01,,,
1789,-8.00E-01,,,
1790,-8.00E-01,,,
1791,-6.00E-01,,,
1792,-8.00E-01,,,
1793,-8.00E-01,,,
1794,-8.00E-01,,,
1795,-6.00E-01,,,
1796,-8.00E-01,,,
1797,-6.00E-01,,,
1798,-8.00E-01,,,
1799,-6.00E-01,,,
1800,-6.00E-01,,,
1801,-6.00E-01,,,
1802,-6.00E-01,,,
1803,-6.00E-01,,,
1804,-8.00E-01,,,
1805,-6.00E-01,,,
1806,-8.00E-01,,,
1807,-6.00E-01,,,
1808,-6.00E-01,,,
1809,-6.00E-01,,,
1810,-8.00E-01,,,
1811,-8.00E-01,,,
1812,-1.00E+00,,,
1813,-1.00E+00,,,
1814,-1.20E+00,,,
1815,-1.20E+00,,,
1816,-1.20E+00,,,
1817,-1.20E+00,,,
1818,-1.40E+00,,,
1819,-1.20E+00,,,
1820,-1.40E+00,,,
1821,-1.20E+00,,,
1822,-1.40E+00,,,
1823,-1.40E+00,,,
1824,-1.40E+00,,,
1825,-1.40E+00,,,
1826,-1.60E+00,,,
1827,-1.40E+00,,,
1828,-1.40E+00,,,
1829,-1.40E+00,,,
1830,-1.40E+00,,,
1831,-1.40E+00,,,
1832,-2.00E+00,,,
1833,-2.20E+00,,,
1834,-2.40E+00,,,
1835,-2.40E+00,,,
1836,-2.60E+00,,,
1837,-2.60E+00,,,
1838,-2.60E+00,,,
1839,-2.60E+00,,,
1840,-2.60E+00,,,
1841,-2.60E+00,,,
1842,-2.80E+00,,,
1843,-2.60E+00,,,
1844,-2.60E+00,,,
1845,-2.60E+00,,,
1846,-2.60E+00,,,
1847,-2.60E+00,,,
1848,-2.60E+00,,,
1849,-2.60E+00,,,
1850,-2.60E+00,,,
1851,-2.60E+00,,,
1852,-3.20E+00,,,
1853,-3.80E+00,,,
1854,-3.80E+00,,,
1855,-3.80E+00,,,
1856,-3.80E+00,,,
1857,-3.80E+00,,,
1858,-4.00E+00,,,
1859,-4.00E+00,,,
1860,-4.00E+00,,,
1861,-4.00E+00,,,
1862,-4.00E+00,,,
1863,-4.00E+00,,,
1864,-4.00E+00,,,
1865,-4.00E+00,,,
1866,-4.00E+00,,,
1867,-3.80E+00,,,
1868,-4.00E+00,,,
1869,-4.00E+00,,,
1870,-4.00E+00,,,
1871,-4.00E+00,,,
1872,-4.20E+00,,,
1873,-4.40E+00,,,
1874,-4.60E+00,,,
1875,-4.60E+00,,,
1876,-4.60E+00,,,
1877,-4.60E+00,,,
1878,-4.60E+00,,,
1879,-4.60E+00,,,
1880,-4.60E+00,,,
1881,-4.60E+00,,,
1882,-4.60E+00,,,
1883,-4.40E+00,,,
1884,-4.60E+00,,,
1885,-4.60E+00,,,
1886,-4.80E+00,,,
1887,-4.60E+00,,,
1888,-4.40E+00,,,
1889,-4.60E+00,,,
1890,-4.60E+00,,,
1891,-4.60E+00,,,
1892,-4.60E+00,,,
1893,-4.20E+00,,,
1894,-4.40E+00,,,
1895,-4.20E+00,,,
1896,-4.20E+00,,,
1897,-4.20E+00,,,
1898,-4.20E+00,,,
1899,-4.20E+00,,,
1900,-4.40E+00,,,
1901,-4.20E+00,,,
1902,-4.40E+00,,,
1903,-4.20E+00,,,
1904,-4.20E+00,,,
1905,-4.20E+00,,,
1906,-4.40E+00,,,
1907,-4.40E+00,,,
1908,-4.40E+00,,,
1909,-4.20E+00,,,
1910,-4.20E+00,,,
1911,-4.20E+00,,,
1912,-3.40E+00,,,
1913,-3.00E+00,,,
1914,-3.00E+00,,,
1915,-2.80E+00,,,
1916,-3.00E+00,,,
1917,-2.80E+00,,,
1918,-3.00E+00,,,
1919,-2.80E+00,,,
1920,-2.80E+00,,,
1921,-2.80E+00,,,
1922,-3.00E+00,,,
1923,-2.80E+00,,,
1924,-3.00E+00,,,
1925,-2.80E+00,,,
1926,-3.00E+00,,,
1927,-2.80E+00,,,
1928,-2.80E+00,,,
1929,-2.80E+00,,,
1930,-2.80E+00,,,
1931,-2.60E+00,,,
1932,-2.00E+00,,,
1933,-1.60E+00,,,
1934,-1.80E+00,,,
1935,-1.40E+00,,,
1936,-1.40E+00,,,
1937,-1.40E+00,,,
1938,-1.40E+00,,,
1939,-1.40E+00,,,
1940,-1.40E+00,,,
1941,-1.20E+00,,,
1942,-1.40E+00,,,
1943,-1.40E+00,,,
1944,-1.40E+00,,,
1945,-1.20E+00,,,
1946,-1.40E+00,,,
1947,-1.20E+00,,,
1948,-1.40E+00,,,
1949,-1.20E+00,,,
1950,-1.40E+00,,,
1951,-1.00E+00,,,
1952,-6.00E-01,,,
1953,-4.00E-01,,,
1954,-4.00E-01,,,
1955,-2.00E-01,,,
1956,-2.00E-01,,,
1957,-4.35E-05,,,
1958,-4.35E-05,,,
1959,2.00E-01,,,
1960,2.00E-01,,,
1961,-4.35E-05,,,
1962,-4.35E-05,,,
1963,2.00E-01,,,
1964,-4.35E-05,,,
1965,-4.35E-05,,,
1966,-2.00E-01,,,
1967,2.00E-01,,,
1968,-4.35E-05,,,
1969,-4.35E-05,,,
1970,-2.00E-01,,,
1971,-4.35E-05,,,
1972,2.00E-01,,,
1973,2.00E-01,,,
1974,2.00E-01,,,
1975,4.00E-01,,,
1976,4.00E-01,,,
1977,2.00E-01,,,
1978,2.00E-01,,,
1979,4.00E-01,,,
1980,2.00E-01,,,
1981,4.00E-01,,,
1982,2.00E-01,,,
1983,4.00E-01,,,
1984,4.00E-01,,,
1985,4.00E-01,,,
1986,2.00E-01,,,
1987,4.00E-01,,,
1988,2.00E-01,,,
1989,4.00E-01,,,
1990,2.00E-01,,,
1991,2.00E-01,,,
1992,-4.35E-05,,,
1993,-4.00E-01,,,
1994,-4.00E-01,,,
1995,-4.00E-01,,,
1996,-6.00E-01,,,
1997,-6.00E-01,,,
1998,-8.00E-01,,,
1999,-6.00E-01,,,
2000,-6.00E-01,,,
2001,-6.00E-01,,,
2002,-6.00E-01,,,
2003,-6.00E-01,,,
2004,-6.00E-01,,,
2005,-6.00E-01,,,
2006,-6.00E-01,,,
2007,-6.00E-01,,,
2008,-6.00E-01,,,
2009,-4.00E-01,,,
2010,-6.00E-01,,,
2011,-6.00E-01,,,
2012,-1.60E+00,,,
2013,-2.00E+00,,,
2014,-2.20E+00,,,
2015,-2.20E+00,,,
2016,-2.40E+00,,,
2017,-2.40E+00,,,
2018,-2.60E+00,,,
2019,-2.40E+00,,,
2020,-2.60E+00,,,
2021,-2.40E+00,,,
2022,-2.60E+00,,,
2023,-2.40E+00,,,
2024,-2.40E+00,,,
2025,-2.40E+00,,,
2026,-2.40E+00,,,
2027,-2.40E+00,,,
2028,-2.60E+00,,,
2029,-2.40E+00,,,
2030,-2.60E+00,,,
2031,-2.80E+00,,,
2032,-3.80E+00,,,
2033,-4.40E+00,,,
2034,-4.60E+00,,,
2035,-4.60E+00,,,
2036,-5.00E+00,,,
2037,-5.00E+00,,,
2038,-5.00E+00,,,
2039,-5.00E+00,,,
2040,-5.00E+00,,,
2041,-5.00E+00,,,
2042,-5.00E+00,,,
2043,-4.80E+00,,,
2044,-5.00E+00,,,
2045,-5.00E+00,,,
2046,-5.00E+00,,,
2047,-5.00E+00,,,
2048,-5.00E+00,,,
2049,-5.00E+00,,,
2050,-5.00E+00,,,
2051,-5.20E+00,,,
2052,-5.80E+00,,,
2053,-6.00E+00,,,
2054,-6.00E+00,,,
2055,-6.20E+00,,,
2056,-6.40E+00,,,
2057,-6.40E+00,,,
2058,-6.40E+00,,,
2059,-6.40E+00,,,
2060,-6.60E+00,,,
2061,-6.60E+00,,,
2062,-6.60E+00,,,
2063,-6.40E+00,,,
2064,-6.40E+00,,,
2065,-6.40E+00,,,
2066,-6.60E+00,,,
2067,-6.40E+00,,,
2068,-6.60E+00,,,
2069,-6.40E+00,,,
2070,-6.40E+00,,,
2071,-6.40E+00,,,
2072,-6.40E+00,,,
2073,-6.20E+00,,,
2074,-6.20E+00,,,
2075,-6.20E+00,,,
2076,-6.20E+00,,,
2077,-6.20E+00,,,
2078,-6.40E+00,,,
2079,-6.20E+00,,,
2080,-6.20E+00,,,
2081,-6.20E+00,,,
2082,-6.60E+00,,,
2083,-6.40E+00,,,
2084,-6.40E+00,,,
2085,-6.20E+00,,,
2086,-6.20E+00,,,
2087,-6.20E+00,,,
2088,-6.20E+00,,,
2089,-6.20E+00,,,
2090,-6.40E+00,,,
2091,-5.80E+00,,,
2092,-5.00E+00,,,
2093,-4.20E+00,,,
2094,-4.20E+00,,,
2095,-4.00E+00,,,
2096,-4.00E+00,,,
2097,-4.00E+00,,,
2098,-4.00E+00,,,
2099,-3.80E+00,,,
2100,-4.00E+00,,,
2101,-3.80E+00,,,
2102,-3.80E+00,,,
2103,-3.80E+00,,,
2104,-3.80E+00,,,
2105,-3.80E+00,,,
2106,-3.80E+00,,,
2107,-3.40E+00,,,
2108,-4.00E+00,,,
2109,-3.80E+00,,,
2110,-4.00E+00,,,
2111,-3.00E+00,,,
2112,-1.20E+00,,,
2113,-4.35E-05,,,
2114,-4.35E-05,,,
2115,4.00E-01,,,
2116,6.00E-01,,,
2117,6.00E-01,,,
2118,8.00E-01,,,
2119,8.00E-01,,,
2120,1.20E+00,,,
2121,1.20E+00,,,
2122,8.00E-01,,,
2123,1.20E+00,,,
2124,8.00E-01,,,
2125,1.20E+00,,,
2126,8.00E-01,,,
2127,1.20E+00,,,
2128,1.20E+00,,,
2129,1.20E+00,,,
2130,8.00E-01,,,
2131,2.00E+00,,,
2132,4.20E+00,,,
2133,5.80E+00,,,
2134,6.00E+00,,,
2135,6.60E+00,,,
2136,6.80E+00,,,
2137,6.80E+00,,,
2138,7.00E+00,,,
2139,7.20E+00,,,
2140,7.00E+00,,,
2141,7.20E+00,,,
2142,6.80E+00,,,
2143,7.20E+00,,,
2144,7.20E+00,,,
2145,7.00E+00,,,
2146,7.00E+00,,,
2147,7.20E+00,,,
2148,7.00E+00,,,
2149,7.20E+00,,,
2150,7.00E+00,,,
2151,8.00E+00,,,
2152,1.04E+01,,,
2153,1.18E+01,,,
2154,1.18E+01,,,
2155,1.26E+01,,,
2156,1.26E+01,,,
2157,1.28E+01,,,
2158,1.28E+01,,,
2159,1.30E+01,,,
2160,1.32E+01,,,
2161,1.30E+01,,,
2162,1.30E+01,,,
2163,1.32E+01,,,
2164,1.30E+01,,,
2165,1.32E+01,,,
2166,1.30E+01,,,
2167,1.32E+01,,,
2168,1.32E+01,,,
2169,1.30E+01,,,
2170,1.30E+01,,,
2171,1.38E+01,,,
2172,1.56E+01,,,
2173,1.66E+01,,,
2174,1.64E+01,,,
2175,1.72E+01,,,
2176,1.72E+01,,,
2177,1.74E+01,,,
2178,1.72E+01,,,
2179,1.76E+01,,,
2180,1.76E+01,,,
2181,1.76E+01,,,
2182,1.74E+01,,,
2183,1.76E+01,,,
2184,1.76E+01,,,
2185,1.76E+01,,,
2186,1.74E+01,,,
2187,1.78E+01,,,
2188,1.74E+01,,,
2189,1.76E+01,,,
2190,1.72E+01,,,
2191,1.78E+01,,,
2192,1.84E+01,,,
2193,1.86E+01,,,
2194,1.86E+01,,,
2195,1.90E+01,,,
2196,1.90E+01,,,
2197,1.90E+01,,,
2198,1.90E+01,,,
2199,1.90E+01,,,
2200,1.90E+01,,,
2201,1.90E+01,,,
2202,1.90E+01,,,
2203,1.92E+01,,,
2204,1.90E+01,,,
2205,1.92E+01,,,
2206,1.90E+01,,,
2207,1.92E+01,,,
2208,1.92E+01,,,
2209,1.92E+01,,,
2210,1.90E+01,,,
2211,1.90E+01,,,
2212,1.84E+01,,,
2213,1.80E+01,,,
2214,1.78E+01,,,
2215,1.80E+01,,,
2216,1.78E+01,,,
2217,1.76E+01,,,
2218,1.76E+01,,,
2219,1.78E+01,,,
2220,1.76E+01,,,
2221,1.76E+01,,,
2222,1.74E+01,,,
2223,1.76E+01,,,
2224,1.78E+01,,,
2225,1.76E+01,,,
2226,1.74E+01,,,
2227,1.76E+01,,,
2228,1.74E+01,,,
2229,1.76E+01,,,
2230,1.76E+01,,,
2231,1.72E+01,,,
2232,1.54E+01,,,
2233,1.42E+01,,,
2234,1.40E+01,,,
2235,1.38E+01,,,
2236,1.34E+01,,,
2237,1.34E+01,,,
2238,1.32E+01,,,
2239,1.34E+01,,,
2240,1.32E+01,,,
2241,1.34E+01,,,
2242,1.30E+01,,,
2243,1.32E+01,,,
2244,1.32E+01,,,
2245,1.34E+01,,,
2246,1.32E+01,,,
2247,1.32E+01,,,
2248,1.34E+01,,,
2249,1.32E+01,,,
2250,1.32E+01,,,
2251,1.28E+01,,,
2252,1.00E+01,,,
2253,8.60E+00,,,
2254,8.20E+00,,,
2255,8.00E+00,,,
2256,7.60E+00,,,
2257,7.60E+00,,,
2258,7.20E+00,,,
2259,7.40E+00,,,
2260,7.20E+00,,,
2261,7.40E+00,,,
2262,7.40E+00,,,
2263,7.40E+00,,,
2264,7.40E+00,,,
2265,7.40E+00,,,
2266,7.40E+00,,,
2267,7.40E+00,,,
2268,7.20E+00,,,
2269,7.40E+00,,,
2270,7.20E+00,,,
2271,6.60E+00,,,
2272,4.20E+00,,,
2273,2.60E+00,,,
2274,2.20E+00,,,
2275,2.00E+00,,,
2276,1.40E+00,,,
2277,1.60E+00,,,
2278,1.40E+00,,,
2279,1.20E+00,,,
2280,1.40E+00,,,
2281,1.40E+00,,,
2282,1.20E+00,,,
2283,1.40E+00,,,
2284,1.20E+00,,,
2285,1.40E+00,,,
2286,1.20E+00,,,
2287,1.40E+00,,,
2288,1.40E+00,,,
2289,1.40E+00,,,
2290,8.00E-01,,,
2291,4.00E-01,,,
2292,-1.40E+00,,,
2293,-2.40E+00,,,
2294,-2.60E+00,,,
2295,-3.00E+00,,,
2296,-3.20E+00,,,
2297,-3.20E+00,,,
2298,-3.80E+00,,,
2299,-3.40E+00,,,
2300,-3.80E+00,,,
2301,-3.80E+00,,,
2302,-4.00E+00,,,
2303,-3.40E+00,,,
2304,-3.40E+00,,,
2305,-3.80E+00,,,
2306,-3.80E+00,,,
2307,-3.80E+00,,,
2308,-3.80E+00,,,
2309,-3.40E+00,,,
2310,-3.80E+00,,,
2311,-4.00E+00,,,
2312,-5.00E+00,,,
2313,-5.60E+00,,,
2314,-5.60E+00,,,
2315,-5.80E+00,,,
2316,-6.00E+00,,,
2317,-6.20E+00,,,
2318,-6.20E+00,,,
2319,-6.20E+00,,,
2320,-6.20E+00,,,
2321,-6.20E+00,,,
2322,-6.40E+00,,,
2323,-6.20E+00,,,
2324,-6.40E+00,,,
2325,-6.20E+00,,,
2326,-6.20E+00,,,
2327,-6.20E+00,,,
2328,-6.00E+00,,,
2329,-6.00E+00,,,
2330,-6.20E+00,,,
2331,-6.20E+00,,,
2332,-6.40E+00,,,
2333,-6.40E+00,,,
2334,-6.40E+00,,,
2335,-6.40E+00,,,
2336,-6.40E+00,,,
2337,-6.60E+00,,,
2338,-6.60E+00,,,
2339,-6.40E+00,,,
2340,-6.60E+00,,,
2341,-6.40E+00,,,
2342,-6.40E+00,,,
2343,-6.40E+00,,,
2344,-6.60E+00,,,
2345,-6.40E+00,,,
2346,-6.60E+00,,,
2347,-6.40E+00,,,
2348,-6.40E+00,,,
2349,-6.40E+00,,,
2350,-6.60E+00,,,
2351,-6.20E+00,,,
2352,-5.80E+00,,,
2353,-5.40E+00,,,
2354,-5.40E+00,,,
2355,-5.00E+00,,,
2356,-5.20E+00,,,
2357,-5.00E+00,,,
2358,-5.00E+00,,,
2359,-5.00E+00,,,
2360,-5.00E+00,,,
2361,-4.80E+00,,,
2362,-5.00E+00,,,
2363,-5.00E+00,,,
2364,-5.00E+00,,,
2365,-5.00E+00,,,
2366,-5.20E+00,,,
2367,-5.00E+00,,,
2368,-5.00E+00,,,
2369,-5.00E+00,,,
2370,-5.00E+00,,,
2371,-4.60E+00,,,
2372,-4.00E+00,,,
2373,-3.00E+00,,,
2374,-2.80E+00,,,
2375,-2.80E+00,,,
2376,-2.60E+00,,,
2377,-2.60E+00,,,
2378,-2.60E+00,,,
2379,-2.40E+00,,,
2380,-2.60E+00,,,
2381,-2.60E+00,,,
2382,-2.60E+00,,,
2383,-2.60E+00,,,
2384,-2.40E+00,,,
2385,-2.60E+00,,,
2386,-2.80E+00,,,
2387,-2.60E+00,,,
2388,-2.80E+00,,,
2389,-2.60E+00,,,
2390,-2.60E+00,,,
2391,-2.20E+00,,,
2392,-1.60E+00,,,
2393,-1.00E+00,,,
2394,-1.00E+00,,,
2395,-6.00E-01,,,
2396,-8.00E-01,,,
2397,-8.00E-01,,,
2398,-8.00E-01,,,
2399,-6.00E-01,,,
